SET search_path TO lab_drug_store;

TRUNCATE TABLE
    "Поставщики",
    "Компоненты",
    "Больные_клиенты",
    "Лекарства",
    "Готовые_лекарства",
    "Изготавливаемые_лекарства",
    "Технологические_карты",
    "Рецептуры",
    "Заявки_на_пополнение_компонентов",
    "Заявки_на_пополнение_готовых_лека",
    "Партии_компонентов",
    "Рецепты",
    "Заказы",
    "Резерв_компонентов"
    RESTART IDENTITY CASCADE;



INSERT INTO "Поставщики" (Supplier_id, Full_name, Phone, Email)
VALUES
    (1, 'Поставщик 1', '+88005553535', 'info@ferma.ru'),
    (2, 'Поставщик 2', '+79137081988', 'm.sorkin3@g.nsu.ru');

INSERT INTO "Компоненты" (Component_id, Name, Shelf_life, Critical_level)
VALUES
    (1, 'Вода дистиллированная', 365, 5000.0),
    (2, 'Спирт этиловый 70%', 730, 2000.0),
    (3, 'Ланолин безводный', 365, 500.0),
    (4, 'Глицерин', 365, 1000.0),
    (5, 'Экстракт алтея', 180, 200.0),
    (6, 'Сироп глюкозы', 365, 1000.0),
    (7, 'Перекись водорода', 180, 200.0);

INSERT INTO "Лекарства" (Medicine_id, "Название", "Тип", "Способ_применения", "Цена")
VALUES
    (4, 'Микстура от кашля', 'изготавливаемое', 'внутреннее', 200.00),
    (5, 'Ланолиновая мазь', 'изготавливаемое', 'наружное', 250.00);

INSERT INTO "Изготавливаемые_лекарства" (Medicine_id, "Состав", "Время_приготовления", "Тип_препарата")
VALUES
    (4, 'Экстракт алтея, сироп глюкозы, вода дистиллированная', 30, 'микстура'),
    (5, 'Ланолин, спирт этиловый, вода дистиллированная', 45, 'мазь');

INSERT INTO "Технологические_карты" (Technology_id, "Название", "Описание_процесса", Medicine_id)
VALUES
    (1, 'ТК-01 Микстура от кашля',
     'Смешать экстракт алтея с сиропом глюкозы, добавить воду', 4),
    (2, 'ТК-02 Ланолиновая мазь',
     'Расплавить ланолин, добавить спирт, воду', 5);

INSERT INTO "Рецептуры" (Formula_id, "Этап", "Количество", "Технологическая_карта", "Компоненты")
VALUES
    -- микстура от кашля
    (1, 'Смешивание', 5.0, 1, 5),
    (2, 'Смешивание', 30.0, 1, 6),
    (3, 'Добавление', 100.0, 1, 1),
    -- ланолиновая мазь
    (4, 'Расплавление', 50.0, 2, 3),
    (5, 'Добавление', 20.0, 2, 2),
    (6, 'Добавление', 30.0, 2, 1);

INSERT INTO "Заявки_на_пополнение_компонентов" (Component_request_id, Quantity, Status, Supplier_id, Component_id)
VALUES
    (1, 100000, 'получена', 1, 1),
    (2, 100000, 'получена', 1, 2),
    (3, 1000, 'получена', 1, 3),
    (4, 2000,  'получена', 1, 4),
    (5, 400,  'получена', 1, 5),
    (6, 2000, 'получена', 1, 6);

-- сброс последовательности чтобы триггер trg_check_critical_level создавал новые заявки на пополнение без конфликтов
SELECT setval(
               pg_get_serial_sequence('Заявки_на_пополнение_компонентов', 'component_request_id'),
               (SELECT COALESCE(MAX(Component_request_id), 0) FROM "Заявки_на_пополнение_компонентов")
       );

INSERT INTO "Партии_компонентов" (Batch_id, Receipt_date, Quantity, Component_request_id, Component_id)
VALUES
    (1, '2026-03-01', 100000.0, 1, 1),
    (2, '2026-03-02', 100000.0, 2, 2),
    (3, '2026-03-03', 100.0, 3, 3), -- ланолин 100 < 500

    (4, '2026-03-10', 0.0, 4, 4), -- глицерин закончился
    (5, '2026-03-11', 0.0, 5, 5), -- экстракт алтея закончился
    (6, '2026-03-12', 500.0, 6, 6); -- сироп глюкозы 500 < 1000




-- 6.	Получить перечень и типы лекарств, достигших своей критической нормы или закончившихся.
WITH component_stock AS (
    SELECT
        c.Component_id,
        COALESCE(SUM(p.Quantity), 0) AS Current_quantity
    FROM "Компоненты" AS c
        LEFT JOIN "Партии_компонентов" AS p ON c.Component_id = p.Component_id
    GROUP BY c.Component_id
)
SELECT DISTINCT
    l.Medicine_id AS ID_лекарства,
    l."Название",
    l."Тип",
    l."Способ_применения"
FROM "Лекарства" AS l
    JOIN "Технологические_карты" AS t ON l.Medicine_id = t.Medicine_id
    JOIN "Рецептуры" AS r ON t.Technology_id = r."Технологическая_карта"
    JOIN "Компоненты" AS c ON r."Компоненты" = c.Component_id
    JOIN component_stock AS cs ON c.Component_id = cs.Component_id
WHERE cs.Current_quantity <= c.Critical_level
ORDER BY "Название";