SET search_path TO lab_drug_store;

TRUNCATE TABLE
    "Поставщики",
    "Компоненты",
    "Больные_клиенты",
    "Лекарства",
    "Готовые_лекарства",
    "Изготавливаемые_лекарства",
    "Технологические_карты",
    "Рецептуры",
    "Заявки_на_пополнение_компонентов",
    "Заявки_на_пополнение_готовых_лека",
    "Партии_компонентов",
    "Рецепты",
    "Заказы",
    "Резерв_компонентов"
    RESTART IDENTITY CASCADE;



INSERT INTO "Поставщики" (Supplier_id, Full_name, Phone, Email)
VALUES (1, 'Поставщик А', '+70000000000', 'a@pharm.ru');

INSERT INTO "Компоненты" (Component_id, Name, Shelf_life, Critical_level)
VALUES
    (1, 'Вода дистиллированная', 365, 100.0),
    (2, 'Экстракт алтея', 180, 50.0),
    (3, 'Сироп глюкозы', 365, 100.0),
    (4, 'Ланолин', 365, 50.0);

INSERT INTO "Заявки_на_пополнение_компонентов" (Component_request_id, Quantity, Status, Supplier_id, Component_id)
VALUES
    (1, 500, 'получена', 1, 1),
    (2, 200, 'получена', 1, 2),
    (3, 500, 'получена', 1, 3),
    (4, 200, 'получена', 1, 4);
INSERT INTO "Партии_компонентов" (Batch_id, Receipt_date, Quantity, Component_request_id, Component_id)
VALUES
    (1, '2025-03-01', 1000.0, 1, 1),
    (2, '2025-03-01', 300.0, 2, 2),
    (3, '2025-03-01', 1000.0, 3, 3),
    (4, '2025-03-01', 300.0, 4, 4);

INSERT INTO "Больные_клиенты" (Client_id, "ФИО", "Телефон", "Адрес")
VALUES
    (1, 'Иванов И.И.', '+79001234567', 'Москва'),
    (2, 'Петрова А.С.', '+79111234567', 'СПб');

INSERT INTO "Лекарства" (Medicine_id, "Название", "Тип", "Способ_применения", "Цена")
VALUES
    (1, 'Микстура от кашля', 'изготавливаемое', 'внутреннее', 200.00),
    (2, 'Ланолиновая мазь', 'изготавливаемое', 'наружное', 250.00);

INSERT INTO "Изготавливаемые_лекарства" (Medicine_id, "Состав", "Время_приготовления", "Тип_препарата")
VALUES
    (1, 'Экстракт алтея, сироп глюкозы', 30, 'микстура'),
    (2, 'Ланолин', 45, 'мазь');

INSERT INTO "Технологические_карты" (Technology_id, "Название", "Описание_процесса", Medicine_id)
VALUES
    (1, 'ТК-01 Микстура', 'Смешать', 1),
    (2, 'ТК-02 Мазь', 'Расплавить', 2);

INSERT INTO "Рецептуры" (Formula_id, "Этап", "Количество", "Технологическая_карта", "Компоненты")
VALUES
    (1, 'Смешивание', 10.0, 1, 2),
    (2, 'Смешивание', 30.0, 1, 3),
    (3, 'Смешивание', 50.0, 2, 4);

INSERT INTO "Рецепты" (Prescription_id, "Диагноз", "Наименование_лекарства", "Способ_применения",
                     "Дата_выписки", "Количество_лекарства", "ФИО_врача", "Подпись_врача", "Печать_врача", Client_id)
VALUES
    (1, 'Кашель', 'Микстура от кашля',
     'По 1 ст. ложке', '2025-03-01', 1,
     'Петров П.П.', 'Подпись', 'Печать', 1),
    (2, 'Кожное', 'Ланолиновая мазь',
     'Наносить', '2025-03-02', 1,
     'Сидорова А.И.', 'Подпись', 'Печать', 2);

INSERT INTO "Заказы" (Order_id, "Дата_создания", "Статус", "Время_изготовления", "Цена", Medicine_id, Prescription_id)
VALUES
    (1, '2025-03-10 10:00:00', NULL, NULL, 200.00, 1, 1),
    (2, '2025-03-15 11:00:00', NULL, NULL, 250.00, 2, 2);

UPDATE "Заказы" SET "Статус" = 'в производстве' WHERE Order_id IN (1,2);
UPDATE "Заказы" SET "Статус" = 'выполнен' WHERE Order_id IN (1,2);

INSERT INTO "Резерв_компонентов" (order_id, component_id, quantity_reserved)
VALUES
    (1, 2, 10.0), -- экстракт алтея
    (1, 3, 30.0), -- сироп глюкозы
    (2, 4, 50.0); -- ланолин (хз что это)



-- 4.	Получить какой объем указанных веществ использован за указанный период.
SELECT
    c.Component_id AS ID_компонента,
    c.Name AS Компонент,
    SUM(r.quantity_reserved) AS Использовано
FROM "Резерв_компонентов" AS r
    JOIN "Заказы" AS o ON r.order_id = o.Order_id
    JOIN "Компоненты" AS c ON r.component_id = c.Component_id
WHERE o."Статус" IN ('выполнен', 'в производстве')
  AND o."Дата_создания" BETWEEN '2025-03-01' AND '2025-03-31'
GROUP BY c.Component_id, c.Name
ORDER BY Использовано DESC;

-- общий объем
SELECT COALESCE(SUM(r.quantity_reserved), 0) AS Общий_объем
FROM "Резерв_компонентов" AS r
    JOIN "Заказы" AS o ON r.order_id = o.Order_id
WHERE o."Статус" IN ('выполнен', 'в производстве')
  AND o."Дата_создания" BETWEEN '2025-03-01' AND '2025-03-31';